PartType,InAnaVolt,InCurrMin,InDigiVolt,InVoltMax,InVoltMin,OutAnaVolt,OutCurrMax,OutCurrMin,OutDigiVolt,OutVoltMax,OutVoltMin
communication,3.3529411764705883,103.52941176470588,2.4764705882352938,9.13529411764706,6.647058823529412,3.588235294117647,1294.1176470588234,15.294117647058824,2.5,3.176470588235294,3.329411764705882
microcontroller,4.052631578947368,121.05263157894737,2.357894736842105,6.347368421052631,5.7,4.2105263157894735,1157.8947368421052,14.736842105263158,1.8842105263157893,3.0526315789473686,2.9578947368421056
partother,3.272727272727273,115.9090909090909,2.2818181818181817,6.677272727272728,5.177272727272728,4.318181818181818,1636.3636363636363,16.363636363636363,2.4136363636363636,3.6363636363636362,2.4909090909090907
power,3.533333333333333,54.0,1.84,7.753333333333333,5.373333333333333,4.0,1466.6666666666667,12.666666666666666,2.5866666666666664,4.2,1.8
sensor,4.08,63.2,2.4719999999999995,8.464,5.356,3.76,1640.0,13.6,2.4159999999999995,4.28,2.952
